date,country,n,score
2019-01-01,Spain,74727,0.6329332143535804
2019-01-02,Spain,73857,0.597487668332047
2019-01-03,Spain,77294,0.590330687595415
2019-01-04,Spain,74888,0.5922957559155005
2019-01-05,Spain,78497,0.5977137680038728
2019-01-06,Spain,79275,0.5943463587007254
2019-01-07,Spain,74006,0.5884334892576277
2019-01-08,Spain,77124,0.5888481045329599
2019-01-09,Spain,77085,0.5920242943114743
2019-01-10,Spain,79879,0.5908570310219207
2019-01-11,Spain,74062,0.5952758333423348
2019-01-12,Spain,74698,0.5943602066989745
2019-01-13,Spain,83262,0.5886657508467249
2019-01-14,Spain,78389,0.5897004394366556
2019-01-15,Spain,77720,0.5899613405944416
2019-01-16,Spain,79029,0.5911473191107062
2019-01-17,Spain,79047,0.5904126354067833
2019-01-18,Spain,77578,0.5921078575369306
2019-01-19,Spain,76299,0.5905871412862554
2019-01-20,Spain,86402,0.588744207367885
2019-01-21,Spain,80668,0.5874408894976942
2019-01-22,Spain,83138,0.5863636177079073
2019-01-23,Spain,83429,0.5861550700236129
2019-01-24,Spain,83085,0.5961591433832821
2019-01-25,Spain,74992,0.5993335426045445
2019-01-26,Spain,79559,0.5919815940371297
2019-01-27,Spain,86528,0.591221168696838
2019-01-28,Spain,79662,0.591553963257262
2019-01-29,Spain,80650,0.5942875864724116
2019-01-30,Spain,81321,0.5930238476285338
2019-01-31,Spain,80198,0.5934813623905832
2019-02-01,Spain,79524,0.6006185460238418
2019-02-02,Spain,83470,0.6040241080867378
2019-02-03,Spain,84176,0.5967455361504467
2019-02-04,Spain,78996,0.5934518779938226
2019-02-05,Spain,78578,0.5960442421415664
2019-02-06,Spain,83835,0.5908989951929385
2019-02-07,Spain,85156,0.5948382607449857
2019-02-08,Spain,80899,0.5981532088406531
2019-02-09,Spain,82746,0.5939559965798951
2019-02-10,Spain,92696,0.5842761276646242
2019-02-11,Spain,71117,0.5973725269344883
2019-02-12,Spain,76418,0.5960318625585596
2019-02-13,Spain,87474,0.593848197955964
2019-02-14,Spain,85542,0.6077822485796451
2019-02-15,Spain,83752,0.5958651140032477
2019-02-16,Spain,81517,0.5939572677478318
2019-02-17,Spain,90315,0.5813415438077839
2019-02-18,Spain,86551,0.5882343382976511
2019-02-19,Spain,87057,0.5941923641407355
2019-02-20,Spain,87647,0.5968102981733545
2019-02-21,Spain,89616,0.5975791767318336
2019-02-22,Spain,81340,0.603949468551758
2019-02-23,Spain,81056,0.5995282488649822
2019-02-24,Spain,88150,0.5902904078162223
2019-02-25,Spain,87195,0.6012541504329377
2019-02-26,Spain,87194,0.6011588267885405
2019-02-27,Spain,89148,0.5928727575155921
2019-02-28,Spain,88416,0.602988247737966
2019-03-01,Spain,81347,0.6049694927655599
2019-03-02,Spain,82636,0.5950430482356358
2019-03-03,Spain,42375,0.5884223780058997
2019-03-04,Spain,85989,0.5891860658107433
2019-03-05,Spain,97185,0.5838664168544528
2019-03-06,Spain,87049,0.5947169183793036
2019-03-07,Spain,81695,0.5987096711916274
2019-03-08,Spain,79746,0.6039061925739221
2019-03-09,Spain,72800,0.5990491102472527
2019-03-10,Spain,81846,0.5894228910392689
2019-03-11,Spain,78756,0.593509677853116
2019-03-12,Spain,81935,0.5908182310734118
2019-03-13,Spain,79563,0.586192991264784
2019-03-14,Spain,84264,0.5968738558696478
2019-03-15,Spain,37623,0.5992764019349865
2019-03-16,Spain,39320,0.5971814965920651
2019-03-17,Spain,82328,0.596004948450102
2019-03-18,Spain,77709,0.6006122565854664
2019-03-19,Spain,79225,0.6065013394509309
2019-03-20,Spain,79824,0.6013805079299459
2019-03-21,Spain,81452,0.6055792059372391
2019-03-22,Spain,77165,0.6060950498542086
2019-03-23,Spain,75643,0.6056495140330236
2019-03-24,Spain,82822,0.5926638398010191
2019-03-25,Spain,80413,0.5965642395135116
2019-03-26,Spain,83061,0.5929967115975006
2019-03-27,Spain,82662,0.5986958663593912
2019-03-28,Spain,82853,0.59763630831714
2019-03-29,Spain,77942,0.6041664825896179
2019-03-30,Spain,77917,0.6009680877728865
2019-03-31,Spain,82197,0.587191674574498
2019-04-01,Spain,82948,0.5926972809591552
2019-04-02,Spain,85199,0.5948117840702356
2019-04-03,Spain,86719,0.596957902616497
2019-04-04,Spain,86565,0.5975212734823543
2019-04-05,Spain,82998,0.6007851915949782
2019-04-06,Spain,85192,0.6004445974856795
2019-04-07,Spain,87083,0.5953855804347576
2019-04-08,Spain,85139,0.5972938978141628
2019-04-09,Spain,83769,0.5968618731869785
2019-04-10,Spain,85919,0.600442814697564
2019-04-11,Spain,87828,0.6039050755226124
2019-04-12,Spain,78443,0.6092461424983746
2019-04-13,Spain,80764,0.6022113788569166
2019-04-14,Spain,86833,0.5912903653334561
2019-04-15,Spain,87813,0.5706047106464873
2019-04-16,Spain,85713,0.5874427978486344
2019-04-17,Spain,81797,0.5918808426592662
2019-04-18,Spain,82505,0.5925282602508939
2019-04-19,Spain,82207,0.591335946172467
2019-04-20,Spain,80989,0.5891915665707689
2019-04-21,Spain,88166,0.5840868812694235
2019-04-22,Spain,102136,0.5892896431131042
2019-04-23,Spain,105262,0.6019746345309798
2019-04-24,Spain,87615,0.5932479474176796
2019-04-25,Spain,88560,0.5975350425022584
2019-04-26,Spain,82821,0.604647321464363
2019-04-27,Spain,85364,0.6030663909024881
2019-04-28,Spain,116354,0.5870699114254775
2019-04-29,Spain,90295,0.5860196044188494
2019-04-30,Spain,84470,0.5991881557712797
2019-05-01,Spain,87040,0.5962723338350184
2019-05-02,Spain,84883,0.5937166371829459
2019-05-03,Spain,80713,0.6002599634383556
2019-05-04,Spain,80386,0.6034108280048763
2019-05-05,Spain,85836,0.5970735288923062
2019-05-06,Spain,82652,0.5930347704471761
2019-05-07,Spain,89636,0.5881005720581017
2019-05-08,Spain,86512,0.5949775291289069
2019-05-09,Spain,88336,0.599745842408531
2019-05-10,Spain,84926,0.6016194356616348
2019-05-11,Spain,79921,0.6020758500018768
2019-05-12,Spain,88749,0.5929878714915097
2019-05-13,Spain,86188,0.590137705365016
2019-05-14,Spain,90492,0.5918927556690093
2019-05-15,Spain,84193,0.5952467592317651
2019-05-16,Spain,91338,0.5997510563620837
2019-05-17,Spain,85839,0.604423438891413
2019-05-18,Spain,104249,0.6093234948824449
2019-05-19,Spain,91772,0.593565244301094
2019-05-20,Spain,93541,0.5904245703167595
2019-05-21,Spain,91604,0.5963459154185407
2019-05-22,Spain,89976,0.6006797190695297
2019-05-23,Spain,91042,0.6038369186199776
2019-05-24,Spain,86452,0.6019222875931153
2019-05-25,Spain,91779,0.5976677527647937
2019-05-26,Spain,98126,0.5894051327375008
2019-05-27,Spain,91697,0.5895624826330197
2019-05-28,Spain,88559,0.5925090281055568
2019-05-29,Spain,86973,0.5954599603210191
2019-05-30,Spain,89665,0.5997933681369542
2019-05-31,Spain,86699,0.6072805040427225
2019-06-01,Spain,88958,0.5985830659524719
2019-06-02,Spain,91914,0.5925109927432165
2019-06-03,Spain,86201,0.5947395980441063
2019-06-04,Spain,91487,0.5970706089061834
2019-06-05,Spain,87081,0.5969701240913632
2019-06-06,Spain,31645,0.6061977647337652
2019-06-07,Spain,15,0.716369
2019-06-08,Spain,12,0.64633175
2019-06-09,Spain,11,0.6008668181818182
2019-06-10,Spain,15,0.5651259333333333
2019-06-11,Spain,10,0.6562547999999999
2019-06-12,Spain,12,0.5902959166666666
2019-06-13,Spain,24,0.5965661666666667
2019-06-14,Spain,14,0.5312658571428571
2019-06-15,Spain,27,0.5244873333333333
2019-06-16,Spain,17,0.6470945882352941
2019-06-17,Spain,21,0.510593
2019-06-18,Spain,27,0.5585574074074073
2019-06-19,Spain,31,0.6017644838709677
2019-06-20,Spain,32,0.56433475
2019-06-21,Spain,39,0.5844065641025641
2019-06-22,Spain,52,0.6093065769230769
2019-06-23,Spain,26964,0.5969146235721703
2019-06-24,Spain,85238,0.5906242288533283
2019-06-25,Spain,84830,0.5956314298479312
2019-06-26,Spain,86852,0.5955399836503478
2019-06-27,Spain,68973,0.5960921654415495
2019-06-28,Spain,85682,0.6005882339697953
2019-06-29,Spain,80478,0.5995546616839385
2019-06-30,Spain,83194,0.59343506525711
2019-07-01,Spain,84315,0.5930662089426555
2019-07-02,Spain,11995,0.5868437228011671
2019-07-03,Spain,66945,0.5846719261483306
2019-07-04,Spain,91088,0.6024086986540489
2019-07-05,Spain,11024,0.6004976505805515
2019-07-06,Spain,62,0.6026329193548388
2019-07-07,Spain,27717,0.5890090211061804
2019-07-08,Spain,88238,0.592562873954532
2019-07-09,Spain,89060,0.5946049587805974
2019-07-10,Spain,86987,0.5968059275523928
2019-07-11,Spain,80052,0.5909619629365912
2019-07-12,Spain,74972,0.5925500176999413
2019-07-13,Spain,81431,0.5979610268079724
2019-07-14,Spain,82597,0.5904244749325036
2019-07-15,Spain,83688,0.5922332738146449
2019-07-16,Spain,84110,0.5950886181072406
2019-07-17,Spain,83720,0.5925545994983278
2019-07-18,Spain,88376,0.5920679229089345
2019-07-19,Spain,82174,0.5944285831406528
2019-07-20,Spain,78813,0.5937732069836195
2019-07-21,Spain,81893,0.5872960634120132
2019-07-22,Spain,88581,0.5827211732651472
2019-07-23,Spain,86684,0.5829140002422593
2019-07-24,Spain,84376,0.5849036830733857
2019-07-25,Spain,88242,0.5820858197570318
2019-07-26,Spain,81313,0.5902446201591381
2019-07-27,Spain,82533,0.582282231737608
2019-07-28,Spain,77516,0.5834399364647299
2019-07-29,Spain,80251,0.5833292390749024
2019-07-30,Spain,81534,0.5853273112198593
2019-07-31,Spain,80479,0.5861658825035102
2019-08-01,Spain,80682,0.5921713151384448
2019-08-02,Spain,79033,0.5935467800792075
2019-08-03,Spain,75019,0.592447002759301
2019-08-04,Spain,78108,0.5873915854970042
2019-08-05,Spain,78505,0.5862910651550857
2019-08-06,Spain,80956,0.5857268962769899
2019-08-07,Spain,82601,0.5850828225203084
2019-08-08,Spain,82443,0.5859105418531592
2019-08-09,Spain,81362,0.5860555548536172
2019-08-10,Spain,78108,0.5877042543273416
2019-08-11,Spain,80040,0.5831476724512744
2019-08-12,Spain,82391,0.581338799298467
2019-08-13,Spain,84137,0.5844404642309566
2019-08-14,Spain,83640,0.5884080027020564
2019-08-15,Spain,79532,0.591243650731781
2019-08-16,Spain,82045,0.584517912803949
2019-08-17,Spain,83207,0.583025711610802
2019-08-18,Spain,87349,0.576349026880674
2019-08-19,Spain,83161,0.5810091474128498
2019-08-20,Spain,85528,0.5788775056589655
2019-08-21,Spain,86927,0.5806085184925281
2019-08-22,Spain,86873,0.5789089527586246
2019-08-23,Spain,83333,0.5841599740078961
2019-08-24,Spain,83514,0.5850569538161267
2019-08-25,Spain,88642,0.5815507159134496
2019-08-26,Spain,85913,0.5791599045313283
2019-08-27,Spain,83617,0.580093363992968
2019-08-28,Spain,85793,0.580102640926416
2019-08-29,Spain,89983,0.5812576942978118
2019-08-30,Spain,85340,0.5850638944223108
2019-08-31,Spain,83830,0.5852656273649052
2019-09-01,Spain,90285,0.5798361058979897
2019-09-02,Spain,87694,0.580437451615846
2019-09-03,Spain,84136,0.5822186737900542
2019-09-04,Spain,84787,0.5837136412185829
2019-09-05,Spain,82957,0.587540216124016
2019-09-06,Spain,81605,0.5917225312664665
2019-09-07,Spain,76755,0.5925190821314573
2019-09-08,Spain,85895,0.5881729613714419
2019-09-09,Spain,82657,0.5879641748067315
2019-09-10,Spain,81259,0.5853806979165385
2019-09-11,Spain,89374,0.5866063738111754
2019-09-12,Spain,83216,0.5927899223947317
2019-09-13,Spain,86920,0.5912846189254487
2019-09-14,Spain,83839,0.5938774024499338
2019-09-15,Spain,92322,0.5944614275795586
2019-09-16,Spain,81330,0.5943118177179393
2019-09-17,Spain,90591,0.5887010931659877
2019-09-18,Spain,88060,0.5870618029638882
2019-09-19,Spain,66173,0.5889064062533057
2019-09-20,Spain,80623,0.59947502696501
2019-09-21,Spain,81101,0.5995439828855378
2019-09-22,Spain,85497,0.5905547428447782
2019-09-23,Spain,86502,0.5937575442533121
2019-09-24,Spain,89067,0.5907758074595529
2019-09-25,Spain,86629,0.5966546337369703
2019-09-26,Spain,86455,0.5981388819732808
2019-09-27,Spain,82394,0.602303899798529
2019-09-28,Spain,82303,0.6019248272723959
2019-09-29,Spain,84778,0.5950018738351931
2019-09-30,Spain,79635,0.5944699633201481
2019-10-01,Spain,88890,0.5870270722915965
2019-10-02,Spain,72612,0.5855323419820415
2019-10-03,Spain,86580,0.5877167736197737
2019-10-04,Spain,82193,0.5979582240215103
2019-10-05,Spain,82338,0.5988856781680391
2019-10-06,Spain,89312,0.5870074407358473
2019-10-07,Spain,82441,0.5899111223905581
2019-10-08,Spain,85098,0.5897598169287175
2019-10-09,Spain,82792,0.5906690043120107
2019-10-10,Spain,85695,0.5869770643794854
2019-10-11,Spain,79021,0.595948737981043
2019-10-12,Spain,84500,0.5952419455739645
2019-10-13,Spain,85402,0.5831418439849183
2019-10-14,Spain,106244,0.5692507013384285
2019-10-15,Spain,98223,0.5760405902894434
2019-10-16,Spain,101394,0.5740589717143026
2019-10-17,Spain,98785,0.5786362601103406
2019-10-18,Spain,101935,0.5818131289743463
2019-10-19,Spain,101733,0.5788036806640913
2019-10-20,Spain,97694,0.576619219378877
2019-10-21,Spain,89257,0.5811737125939702
2019-10-22,Spain,89014,0.5802629303592693
2019-10-23,Spain,85939,0.585193364304914
2019-10-24,Spain,92291,0.5853259764657441
2019-10-25,Spain,79863,0.5983671278439328
2019-10-26,Spain,83705,0.5920164889194194
2019-10-27,Spain,91522,0.5827274755140841
2019-10-28,Spain,84703,0.5866733155496263
2019-10-29,Spain,84898,0.5877906532898302
2019-10-30,Spain,84585,0.5902745545073004
2019-10-31,Spain,83638,0.5987944327339247
2019-11-01,Spain,81422,0.5904075841173148
2019-11-02,Spain,84911,0.5816815519426223
2019-11-03,Spain,91734,0.5770785957333159
2019-11-04,Spain,108085,0.5824294637276218
2019-11-05,Spain,90430,0.5868008985513656
2019-11-06,Spain,91965,0.5911651993584516
2019-11-07,Spain,92777,0.5873634068680814
2019-11-08,Spain,84579,0.5962924025585546
2019-11-09,Spain,82313,0.5924916502739543
2019-11-10,Spain,114243,0.5758415090377529
2019-11-11,Spain,96105,0.5771307308152541
2019-11-12,Spain,99632,0.5818969286072748
2019-11-13,Spain,89665,0.5850901722745776
2019-11-14,Spain,89695,0.5898392723340209
2019-11-15,Spain,21805,0.5940438116028434
2019-11-17,Spain,79027,0.5869556509673909
2019-11-18,Spain,82315,0.5878164870072283
2019-11-19,Spain,88659,0.5848110467972794
2019-11-20,Spain,42726,0.5927015627720825
2019-11-21,Spain,58641,0.5904759592605856
2019-11-22,Spain,83274,0.5971473283497851
2019-11-23,Spain,81200,0.5955017375
2019-11-24,Spain,86653,0.5924173296250562
2019-11-25,Spain,86287,0.5857446114941997
2019-11-26,Spain,88430,0.5876153051679294
2019-11-27,Spain,84844,0.592636395408043
2019-11-28,Spain,83266,0.5954121526433359
2019-11-29,Spain,78998,0.5985922442593483
2019-11-30,Spain,75995,0.5967418769524311
2019-12-01,Spain,86445,0.5863404095089363
2019-12-02,Spain,80806,0.5865295446501497
2019-12-03,Spain,83344,0.5910198767757727
2019-12-04,Spain,82158,0.5890607103873026
2019-12-05,Spain,80634,0.5972019804176899
2019-12-06,Spain,76099,0.5964305200331148
2019-12-07,Spain,73633,0.5918884263034238
2019-12-08,Spain,77838,0.5883573964644518
2019-12-09,Spain,79938,0.5842452294903551
2019-12-10,Spain,81966,0.587081351548203
2019-12-11,Spain,84271,0.5893704940845605
2019-12-12,Spain,84437,0.5913682582754006
2019-12-13,Spain,80587,0.5967096130889598
2019-12-14,Spain,79216,0.5948698081826904
2019-12-15,Spain,89861,0.5847332353078644
2019-12-16,Spain,84614,0.5874784638712269
2019-12-17,Spain,82734,0.5885544864022046
2019-12-18,Spain,89113,0.5846807213762302
2019-12-19,Spain,86220,0.5907699806193458
2019-12-20,Spain,81563,0.5980184386180007
2019-12-21,Spain,75436,0.595993248873217
2019-12-22,Spain,81502,0.5905489870064539
2019-12-23,Spain,74673,0.599952271235922
2019-12-24,Spain,78125,0.62846111872
2019-12-25,Spain,72205,0.6120887156568106
2019-12-26,Spain,71298,0.5909654252433448
2019-12-27,Spain,74724,0.5908062133584926
2019-12-28,Spain,74423,0.5916103476344678
2019-12-29,Spain,75122,0.5869750133516147
2019-12-30,Spain,81966,0.5888807722836298
2019-12-31,Spain,87342,0.6327269853907627
2023-01-01,Spain,90593,0.6329204018743171
2023-01-02,Spain,71981,0.6122371543601783
2023-01-03,Spain,115350,0.5985581179107066
2023-01-04,Spain,52825,0.6000879046474207
2023-01-05,Spain,72221,0.6100351997479958
2023-01-06,Spain,69590,0.6041987453369736
2023-01-07,Spain,82086,0.5993136273176912
2023-01-08,Spain,101526,0.586189725754979
2023-01-09,Spain,92759,0.591477313349648
2023-01-10,Spain,100174,0.5991098183660432
2023-01-11,Spain,82239,0.5961937617067329
2023-01-12,Spain,84438,0.5993539238257656
2023-01-13,Spain,74011,0.6044971154828336
2023-01-14,Spain,102028,0.6005476794311365
2023-01-15,Spain,67660,0.5365572092373633
2023-01-16,Spain,110259,0.6042217421616376
2023-01-17,Spain,102105,0.6027715361735468
2023-01-18,Spain,131481,0.5993215661578479
2023-01-19,Spain,253593,0.5987292835843261
2023-01-20,Spain,166521,0.60061005375298
2023-01-21,Spain,56519,0.5997904891806294
2023-01-22,Spain,78004,0.6019954577329367
2023-01-23,Spain,72739,0.6067811126355875
2023-01-24,Spain,77239,0.5966186825955799
2023-01-25,Spain,63475,0.5950872280740449
2023-01-26,Spain,115145,0.5550356610968779
2023-01-27,Spain,60569,0.5991400961382886
2023-01-28,Spain,71629,0.6031589330019964
2023-01-29,Spain,65467,0.598091613897078
2023-01-30,Spain,88081,0.6040605449756473
2023-01-31,Spain,96906,0.6040333586671619
2023-02-01,Spain,101234,0.6067300661339076
2023-02-02,Spain,144727,0.5990346722933523
2023-02-03,Spain,107727,0.6056698609169474
2023-02-04,Spain,69888,0.6043538261933379
2023-02-05,Spain,99791,0.5989599810303534
2023-02-06,Spain,104614,0.5958470180759745
2023-02-07,Spain,54123,0.5987587120447869
2023-02-08,Spain,64171,0.598540178102258
2023-02-09,Spain,88112,0.6002386291084074
2023-02-10,Spain,65796,0.601548605796705
2023-02-11,Spain,63127,0.6081504753433553
2023-02-12,Spain,55908,0.6056557379802533
2023-02-13,Spain,155751,0.5915798732720817
2023-02-14,Spain,73261,0.6097621217018605
2023-02-15,Spain,76828,0.5912912035325663
2023-02-16,Spain,73261,0.5903156232647657
2023-02-17,Spain,68649,0.6067442799895119
2023-02-18,Spain,75827,0.6067068365753624
2023-02-19,Spain,80629,0.6014585737389774
2023-02-20,Spain,98517,0.5975811150968868
2023-02-21,Spain,68797,0.5890350358300507
2023-02-22,Spain,69268,0.6002437790466016
2023-02-23,Spain,78973,0.5981380141187496
2023-02-24,Spain,115421,0.5861507015014599
2023-02-25,Spain,53565,0.5973423484551479
2023-02-26,Spain,139473,0.6009282099546148
2023-02-27,Spain,126666,0.601169495081553
2023-02-28,Spain,66118,0.609129289467316
2023-03-01,Spain,82889,0.6010217001411526
2023-03-02,Spain,75519,0.607076507210106
2023-03-03,Spain,61718,0.6043363574483943
2023-03-04,Spain,84025,0.6425828719428741
2023-03-05,Spain,91531,0.5976904789743365
2023-03-06,Spain,83374,0.5995603912370764
2023-03-07,Spain,135467,0.5974610064222283
2023-03-09,Spain,98075,0.5962042046698955
2023-03-10,Spain,63980,0.6082002637386683
2023-03-11,Spain,94559,0.6023154156346832
2023-03-12,Spain,73820,0.5951395571660796
2023-03-13,Spain,63969,0.5946185520799138
2023-03-14,Spain,69993,0.599172398639864
2023-03-15,Spain,8147,0.594996111820302
2023-03-20,Spain,140719,0.600813416809386
2023-03-21,Spain,116699,0.6061361611324861
2023-03-22,Spain,105495,0.6106758434333381
2023-04-04,Spain,25682,0.6046450061132311
2023-04-05,Spain,42773,0.6052834572043111
2023-04-06,Spain,38778,0.6113977432564857
2023-04-07,Spain,23778,0.6098138860711582
2023-04-08,Spain,30813,0.6028832520364781
2023-04-09,Spain,53642,0.59592364427128
2023-04-10,Spain,28218,0.6010962394216457
2023-04-11,Spain,32940,0.59930592380085
2023-04-12,Spain,31499,0.6003255677005619
2023-04-13,Spain,47037,0.6054453439845229
2023-04-14,Spain,63483,0.6126330885748941
2023-04-15,Spain,54928,0.6120995213188173
2023-04-16,Spain,87432,0.5924107708619271
2023-04-17,Spain,53968,0.5997473486510525
2023-04-18,Spain,36936,0.6064787220056314
2023-04-19,Spain,45225,0.6091764373908237
2023-04-20,Spain,15428,0.6096078470961888
2023-04-21,Spain,5433,0.6172215008282717
2023-04-22,Spain,16,0.661253
2023-04-23,Spain,19573,0.6223488109129923
2023-04-24,Spain,23282,0.60373607821493
2023-04-25,Spain,20247,0.6005225465994962
2023-04-26,Spain,18825,0.6057562645949536
2023-04-27,Spain,14992,0.6001204637139809
2023-04-28,Spain,22276,0.6091464954210809
2023-04-29,Spain,5661,0.6132325815226992
2023-04-30,Spain,6324,0.6044172507906389
2023-05-01,Spain,13767,0.6001786781433864
2023-05-02,Spain,24969,0.6000713884817174
2023-05-03,Spain,67471,0.6059028050569875
2023-05-04,Spain,60618,0.6090032003200369
2023-05-05,Spain,13794,0.6075168517471364
2023-05-06,Spain,29952,0.6153531842280983
2023-05-07,Spain,36383,0.6146113003050875
2023-05-08,Spain,49617,0.6052185972549731
2023-05-09,Spain,223,0.5589328789237669
2023-05-10,Spain,24837,0.6041750795587228
2023-05-11,Spain,13991,0.6016102894718033
2023-05-12,Spain,66561,0.6157854219738285
2023-05-13,Spain,78231,0.614394100919073
2023-05-14,Spain,71833,0.6025646296688152
2023-05-15,Spain,53933,0.6146695973893535
2023-05-16,Spain,29049,0.6073686244621158
2023-05-17,Spain,34617,0.6010513632608256
2023-05-18,Spain,33426,0.6065640767366721
2023-05-19,Spain,59482,0.6142895375575805
2023-05-20,Spain,75384,0.6171384121564257
2023-05-21,Spain,42486,0.6038149991055878
2023-05-22,Spain,50273,0.5970864153123944
2023-05-23,Spain,29337,0.5946608713229028
2023-05-24,Spain,18161,0.6060515821265349
2023-05-25,Spain,1428,0.6320775826330532
2023-05-26,Spain,22713,0.6111453994188351
2023-05-27,Spain,24636,0.6052488593115766
2023-05-28,Spain,12038,0.5957305137896661
2023-05-29,Spain,27614,0.5924135738393568
2023-05-30,Spain,23724,0.6129573173157984
2023-05-31,Spain,22149,0.6090354518939907
2023-06-01,Spain,33389,0.6108373966575819
2023-06-02,Spain,23481,0.6126151429666539
2023-06-03,Spain,9854,0.6103731792165618
2023-06-04,Spain,17699,0.6099348430419798
2023-06-06,Spain,11671,0.6041928100419844
2023-06-07,Spain,23932,0.6034993212853084
2023-06-08,Spain,12350,0.6195589719838057
2023-06-09,Spain,22645,0.6161106712740119
2023-06-10,Spain,20773,0.6088299241804266
2023-06-11,Spain,21044,0.6051900679053411
2023-06-12,Spain,20915,0.6026602072675113
2023-06-13,Spain,30887,0.6057774741476997
2023-06-14,Spain,25083,0.6052528844237133
2023-06-15,Spain,24183,0.6082754850514824
2023-06-16,Spain,17786,0.6080785188350387
2023-06-17,Spain,59047,0.6102531717276067
2021-01-01,Spain,78005,0.6286187627972566
2021-01-02,Spain,69247,0.5851546736753939
2021-01-03,Spain,72588,0.5813435017771532
2021-01-04,Spain,71489,0.5771187654604205
2021-01-05,Spain,77793,0.5834557179823378
2021-01-06,Spain,77932,0.5891523792665401
2021-01-07,Spain,75431,0.5781786832469409
2021-01-08,Spain,82201,0.5745788224960767
2021-01-09,Spain,101342,0.564576660397466
2021-01-10,Spain,87728,0.5733330111936896
2021-01-11,Spain,65022,0.5752460402632954
2021-01-12,Spain,80617,0.5751627380081125
2021-01-13,Spain,78271,0.5750870306499214
2021-01-14,Spain,80509,0.572178238544759
2021-01-15,Spain,75514,0.5779454870487593
2021-01-16,Spain,73889,0.583568162974191
2021-01-17,Spain,81903,0.5771006403062159
2021-01-18,Spain,71929,0.578249982413213
2021-01-19,Spain,75289,0.5749181195792213
2021-01-20,Spain,22265,0.5797654300022457
2021-01-21,Spain,66808,0.5766417029098312
2021-01-22,Spain,74519,0.5788961920986594
2021-01-23,Spain,76322,0.5810239025051754
2021-01-24,Spain,79979,0.5781746849297942
2021-01-25,Spain,68582,0.5759886719547403
2021-01-26,Spain,77629,0.5754372506408687
2021-01-27,Spain,75067,0.5782501565668003
2021-01-28,Spain,75506,0.5823336956268377
2021-01-29,Spain,70883,0.59063876019638
2021-01-30,Spain,76534,0.5802231045156402
2021-01-31,Spain,80049,0.5798335182450749
2021-02-01,Spain,72081,0.5840588891386079
2021-02-02,Spain,70149,0.5847061265734366
2021-02-03,Spain,76222,0.5827210903282517
2021-02-04,Spain,74981,0.5823125059415052
2021-02-05,Spain,69291,0.5906939612792426
2021-02-06,Spain,75877,0.5842821849835919
2021-02-07,Spain,82774,0.5843049214125209
2021-02-08,Spain,70368,0.5832986416837199
2021-02-09,Spain,71178,0.5870122053022002
2021-02-10,Spain,74960,0.5857642181830309
2021-02-11,Spain,77695,0.5842901666645215
2021-02-12,Spain,69104,0.5971550951753879
2021-02-13,Spain,71706,0.596309762209578
2021-02-14,Spain,84010,0.5948260633257946
2021-02-15,Spain,68442,0.5806690513719647
2021-02-16,Spain,79214,0.5845106443179237
2021-02-17,Spain,73108,0.5834620910023526
2021-02-18,Spain,73432,0.5857224365263101
2021-02-19,Spain,65348,0.5907281730427862
2021-02-20,Spain,71226,0.5893330679667538
2021-02-21,Spain,72224,0.5845089629901418
2021-02-22,Spain,66078,0.5860106367777475
2021-02-23,Spain,65274,0.5909336278610167
2021-02-24,Spain,65734,0.5902031290808408
2021-02-25,Spain,69470,0.585123776176767
2021-02-26,Spain,64547,0.5946176835484221
2021-02-27,Spain,64490,0.5927739552798883
2021-02-28,Spain,69576,0.5992202939375647
2021-03-01,Spain,67136,0.5917940479325549
2021-03-02,Spain,64010,0.5905405808779878
2021-03-03,Spain,72411,0.5755074658684454
2021-03-04,Spain,70832,0.5832127569883668
2021-03-05,Spain,64975,0.593636286848788
2021-03-06,Spain,66347,0.5974935210484272
2021-03-07,Spain,74525,0.5844754554847367
2021-03-08,Spain,73235,0.5965956866252474
2021-03-09,Spain,65193,0.5873367365054529
2021-03-10,Spain,78375,0.5807975408995215
2021-03-11,Spain,71578,0.5854304247673866
2021-03-12,Spain,68873,0.5967978865447999
2021-03-13,Spain,66665,0.592251288682217
2021-03-14,Spain,73907,0.5906168587549218
2021-03-15,Spain,78864,0.5879466790550821
2021-03-16,Spain,68982,0.5922413260850656
2021-03-17,Spain,71721,0.5870076126796894
2021-03-18,Spain,68713,0.5944901988415583
2021-03-19,Spain,38875,0.6090773783922829
2021-03-20,Spain,65724,0.5950722972430161
2021-03-21,Spain,72646,0.5911896081408474
2021-03-22,Spain,67508,0.5877205020293891
2021-03-23,Spain,64597,0.5911247934269395
2021-03-24,Spain,71481,0.5899969594017991
2021-03-25,Spain,71777,0.5898550438162642
2021-03-26,Spain,67438,0.5981109085233844
2021-03-27,Spain,68665,0.5931477565280711
2021-03-28,Spain,64700,0.5923105168624421
2021-03-29,Spain,59692,0.5898778828486229
2021-03-30,Spain,62204,0.5912390651565815
2021-03-31,Spain,62509,0.5945877005391224
2021-04-01,Spain,61364,0.5966736605501598
2021-04-02,Spain,60706,0.5971092876157217
2021-04-03,Spain,64041,0.5901057215221498
2021-04-04,Spain,68380,0.5874260826411232
2021-04-05,Spain,64336,0.5838435366202437
2021-04-06,Spain,66632,0.5861192903259695
2021-04-07,Spain,67034,0.5840057728466151
2021-04-08,Spain,68088,0.5873568248443191
2021-04-09,Spain,67747,0.5922695786529293
2021-04-10,Spain,72817,0.592335270596152
2021-04-11,Spain,73179,0.5883790566009375
2021-04-12,Spain,63521,0.5908746009823523
2021-04-13,Spain,65056,0.5925618745234875
2021-04-14,Spain,69609,0.5953675006249192
2021-04-15,Spain,65356,0.5934252182967134
2021-04-16,Spain,62533,0.596441917867366
2021-04-17,Spain,60208,0.5937707828859953
2021-04-18,Spain,65498,0.5891122800848881
2021-04-19,Spain,104133,0.5813745672937493
2021-04-20,Spain,65221,0.5844130163904264
2021-04-21,Spain,73336,0.5827101949929093
2021-04-22,Spain,64969,0.5908368390924903
2021-04-23,Spain,71836,0.6076049470182081
2021-04-24,Spain,62076,0.5981299588085572
2021-04-25,Spain,68524,0.59043806689627
2021-04-26,Spain,64790,0.5889873495755519
2021-04-27,Spain,69054,0.588260587163669
2021-04-28,Spain,64736,0.588641029813396
2021-04-29,Spain,66885,0.5927688537190701
2021-04-30,Spain,60161,0.6003306042452752
2021-05-01,Spain,64474,0.5975666527282316
2021-05-02,Spain,65263,0.6009581034276695
2021-05-03,Spain,58788,0.5911152891576512
2021-05-04,Spain,78718,0.5868444113036408
2021-05-05,Spain,72206,0.579858463313298
2021-05-06,Spain,66236,0.5920698856211123
2021-05-07,Spain,59650,0.5980436299748533
2021-05-08,Spain,63279,0.5973946994895621
2021-05-09,Spain,77197,0.5735350421259894
2021-05-10,Spain,65116,0.5897131516831501
2021-05-11,Spain,63639,0.5903891410927262
2021-05-12,Spain,65171,0.5929486883736631
2021-05-13,Spain,63840,0.5940264299185464
2021-05-14,Spain,59334,0.6007611659082482
2021-05-15,Spain,57214,0.603952608102912
2021-05-16,Spain,68695,0.5919853757333139
2021-05-17,Spain,62911,0.5975942975632242
2021-05-18,Spain,71514,0.5923610083200492
2021-05-19,Spain,65268,0.5947141657320585
2021-05-20,Spain,67531,0.5971073864003198
2021-05-21,Spain,61078,0.6029295174039753
2021-05-22,Spain,82289,0.6095420763407016
2021-05-23,Spain,64605,0.5974366988623171
2021-05-24,Spain,65307,0.5910341474880181
2021-05-25,Spain,61551,0.5940393773131224
2021-05-26,Spain,68185,0.5970853797169464
2021-05-27,Spain,63675,0.5982626303886925
2021-05-28,Spain,60261,0.599740890907884
2021-05-29,Spain,58113,0.6039843038734879
2021-05-30,Spain,63735,0.6017121639915275
2021-05-31,Spain,63179,0.5962413297931275
2021-06-01,Spain,63949,0.5967513624450734
2021-06-02,Spain,62777,0.6009026417318445
2021-06-03,Spain,61615,0.6003993007222267
2021-06-04,Spain,57861,0.6020785705743075
2021-06-05,Spain,56020,0.6039363356658337
2021-06-06,Spain,60032,0.602394692330757
2021-06-07,Spain,61089,0.5956978965771251
2021-06-08,Spain,63963,0.5946105315416725
2021-06-09,Spain,64127,0.5999096405258315
2021-06-10,Spain,64864,0.585655811544154
2021-06-11,Spain,63833,0.5908134356524055
2021-06-12,Spain,59914,0.5945821026471275
2021-06-13,Spain,64063,0.598771453225731
2021-06-14,Spain,69339,0.5867318676358183
2021-06-15,Spain,64505,0.5954181817998605
2021-06-16,Spain,66199,0.5923896651157873
2021-06-17,Spain,63633,0.5914032780318388
2021-06-18,Spain,62148,0.5976656348394156
2021-06-19,Spain,63215,0.5936776633868543
2021-06-20,Spain,60560,0.6016331970607661
2021-06-21,Spain,61022,0.600334384107371
2021-06-22,Spain,62280,0.5965894085260115
2021-06-23,Spain,67791,0.5932210601849803
2021-06-24,Spain,55562,0.6043400947770058
2021-06-25,Spain,56330,0.6031605346351855
2021-06-26,Spain,56938,0.5979856469493132
2021-06-27,Spain,61716,0.5978611229016787
2021-06-28,Spain,80940,0.585331195836422
2021-06-29,Spain,63099,0.5976592007955751
2021-06-30,Spain,62534,0.598675224341958
2021-07-01,Spain,60908,0.5980088913279044
2021-07-02,Spain,70698,0.5894099041415599
2021-07-03,Spain,56304,0.5937928488206876
2021-07-04,Spain,58497,0.5879093527873224
2021-07-05,Spain,61563,0.586160314961909
2021-07-06,Spain,77428,0.5781323497571937
2021-07-07,Spain,65103,0.5888772965608343
2021-07-08,Spain,63181,0.5914630939997784
2021-07-09,Spain,60972,0.5963269814669029
2021-07-10,Spain,58662,0.5943637150966554
2021-07-11,Spain,68218,0.5848875414699932
2021-07-12,Spain,61531,0.5895549142871073
2021-07-13,Spain,63000,0.5901510753809524
2021-07-14,Spain,65649,0.5878008434096483
2021-07-15,Spain,61406,0.591356500618832
2021-07-16,Spain,60381,0.6001722285818386
2021-07-17,Spain,58065,0.5970410699733057
2021-07-18,Spain,59630,0.5925071868354854
2021-07-19,Spain,62629,0.589244268757285
2021-07-20,Spain,65066,0.5916837465650263
2021-07-21,Spain,67461,0.5906485386074918
2021-07-22,Spain,65956,0.5905770491236582
2021-07-23,Spain,67375,0.5953106532838589
2021-07-24,Spain,63330,0.5917334503237013
2021-07-25,Spain,65475,0.5930490021382206
2021-07-26,Spain,63828,0.5912878989471705
2021-07-27,Spain,50849,0.59109771901119
2021-07-28,Spain,67311,0.5855087073583812
2021-07-29,Spain,55365,0.5848629662060869
2021-07-30,Spain,64081,0.5904838137981617
2021-07-31,Spain,65245,0.58800817478734
2021-08-01,Spain,64715,0.5918661922429111
2021-08-02,Spain,61022,0.5895415423126086
2021-08-03,Spain,68586,0.5877289565508995
2021-08-04,Spain,63713,0.5862074804670946
2021-08-05,Spain,68740,0.5819417969886529
2021-08-06,Spain,64867,0.5822786485269861
2021-08-07,Spain,62876,0.5884727683853934
2021-08-08,Spain,62206,0.5791644613863614
2021-08-09,Spain,59604,0.5861865411214012
2021-08-10,Spain,63716,0.5822981902504866
2021-08-11,Spain,66762,0.5866757875887482
2021-08-12,Spain,66902,0.5827458273295268
2021-08-13,Spain,65932,0.5914406380209913
2021-08-14,Spain,65234,0.5877813899806849
2021-08-15,Spain,67643,0.5837129585322947
2021-08-16,Spain,64498,0.5783214831157556
2021-08-17,Spain,62287,0.5842213133880264
2021-08-18,Spain,65177,0.5909789629930805
2021-08-19,Spain,64489,0.5941597802726046
2021-08-20,Spain,65385,0.5921818158140246
2021-08-21,Spain,63107,0.5875499024038537
2021-08-22,Spain,64109,0.5874520350340826
2021-08-23,Spain,64836,0.5870326478036892
2021-08-24,Spain,66875,0.5873641488448598
2021-08-25,Spain,68267,0.5871482595836934
2021-08-26,Spain,66268,0.587643218446309
2021-08-27,Spain,66109,0.5925531150070339
2021-08-28,Spain,64294,0.5902331193579495
2021-08-29,Spain,68853,0.5815512782159092
2021-08-30,Spain,67377,0.5853482202235184
2021-09-01,Spain,69322,0.5999065275237299
2021-09-02,Spain,65810,0.6050404433368789
2021-09-03,Spain,63580,0.6050302587920731
2021-09-04,Spain,61106,0.6091603888488855
2021-09-05,Spain,63536,0.6069059482498111
2021-09-06,Spain,62625,0.6063624873293414
2021-09-07,Spain,61415,0.6040180989334852
2021-09-08,Spain,68914,0.6059654415358272
2021-09-09,Spain,62171,0.6041820457287159
2021-09-10,Spain,61325,0.606879139682022
2021-09-11,Spain,62948,0.613738359630171
2021-09-12,Spain,68732,0.6016388199819589
2021-09-13,Spain,63182,0.6003200389193125
2021-09-14,Spain,66978,0.5964109084624802
2021-09-15,Spain,63605,0.6017265158085057
2021-09-16,Spain,60577,0.605999740594615
2021-09-17,Spain,57659,0.6123392347248477
2021-09-18,Spain,60239,0.6070427164627568
2021-09-19,Spain,69809,0.6001124880316291
2021-09-20,Spain,57568,0.5950612339494162
2021-09-21,Spain,57928,0.5987567843184642
2021-09-22,Spain,59932,0.6011731433958486
2021-09-23,Spain,64825,0.6017241394986502
2021-09-24,Spain,62305,0.6090666448599631
2021-09-25,Spain,61798,0.6036630825431244
2021-09-26,Spain,65069,0.6042257461310302
2021-09-27,Spain,61529,0.6038013989663411
2021-09-28,Spain,59476,0.597680204250454
2021-09-29,Spain,65452,0.6007921686121127
2021-09-30,Spain,61149,0.6047447417946328
2021-10-01,Spain,61611,0.6101873499862038
2021-10-02,Spain,61382,0.6061664160991822
2021-10-03,Spain,69348,0.59452571200323
2021-10-04,Spain,58273,0.5860886911777324
2021-10-05,Spain,59452,0.6069955151046222
2021-10-06,Spain,63047,0.6074806939267531
2021-10-07,Spain,59381,0.6096995553965073
2021-10-08,Spain,59356,0.61488452362019
2021-10-09,Spain,57368,0.6186434575547343
2021-10-10,Spain,67648,0.6021746514900662
2021-10-11,Spain,58021,0.6087160989641681
2021-10-12,Spain,63026,0.6211513155999112
2021-10-13,Spain,59392,0.6072910972521551
2021-10-14,Spain,60302,0.6104394577957613
2021-10-15,Spain,58329,0.6155329453787995
2021-10-16,Spain,59078,0.6179035177561868
2021-10-17,Spain,64890,0.6095268679611651
2021-10-18,Spain,61359,0.6084939470656302
2021-10-19,Spain,63319,0.6056320954531815
2021-10-20,Spain,64205,0.607289859933027
2021-10-21,Spain,62313,0.6160780456084606
2021-10-22,Spain,59685,0.6154052016419536
2021-10-23,Spain,56889,0.6135444283956476
2021-10-24,Spain,65602,0.6009493471388068
2021-10-25,Spain,58849,0.6034241594419616
2021-10-26,Spain,59153,0.6061264970838335
2021-10-27,Spain,63725,0.6019956267555904
2021-10-28,Spain,63117,0.6044828605922334
2021-10-29,Spain,61228,0.6101361507153591
2021-10-30,Spain,58651,0.6095244273243423
2021-10-31,Spain,62744,0.6100915517659059
2021-11-01,Spain,59825,0.604907836974509
2021-11-02,Spain,59622,0.6018006023783167
2021-11-03,Spain,64211,0.5991105007553222
2021-11-04,Spain,62691,0.6037747408559442
2021-11-06,Spain,59751,0.6096178821944402
2021-11-07,Spain,65162,0.6055609462723673
2021-11-08,Spain,57672,0.6073361769316132
2021-11-09,Spain,57631,0.6115378483281567
2021-11-10,Spain,59630,0.6094690097769578
2021-11-11,Spain,61329,0.613287262730519
2021-11-12,Spain,59703,0.6151656766661642
2021-11-13,Spain,57225,0.6176912985058979
2021-11-14,Spain,63737,0.6057092041357454
2021-11-15,Spain,58485,0.607773446353766
2021-11-16,Spain,59190,0.6050284502111843
2021-11-17,Spain,59896,0.6101140970348604
2021-11-18,Spain,59768,0.6170113693280685
2021-11-19,Spain,58281,0.6181246244402121
2021-11-20,Spain,59017,0.6115561830320078
2021-11-21,Spain,64660,0.6080207916950201
2021-11-22,Spain,62513,0.6054423993889271
2021-11-23,Spain,64632,0.6023356550315633
2021-11-24,Spain,62334,0.6040216906984953
2021-11-25,Spain,63981,0.6101729863396946
2021-11-26,Spain,59119,0.6136263249716674
2021-11-27,Spain,60978,0.6087224436846076
2021-11-28,Spain,62993,0.6031450123188291
2021-11-29,Spain,61326,0.6076502819195774
2021-11-30,Spain,60547,0.6103291755495731
2021-12-01,Spain,65173,0.6130846745277951
2021-12-02,Spain,58527,0.6168106623097033
2021-12-03,Spain,56755,0.6146194988987754
2021-12-04,Spain,56465,0.6080207441778092
2021-12-05,Spain,56275,0.6019397723145269
2021-12-06,Spain,53856,0.6118467568701723
2021-12-07,Spain,54046,0.6062454285423529
2021-12-08,Spain,66214,0.599752289062736
2021-12-09,Spain,57167,0.6036618162226459
2021-12-10,Spain,59547,0.6109931729894033
2021-12-11,Spain,59438,0.6117499331404153
2021-12-12,Spain,71423,0.5982042962211052
2021-12-13,Spain,61488,0.5979952770296644
2021-12-14,Spain,60215,0.6054027810678402
2021-12-15,Spain,62491,0.6050111429005777
2021-12-16,Spain,61152,0.6076207040979854
2021-12-17,Spain,59743,0.6121697561890096
2021-12-18,Spain,60681,0.6084023512796427
2021-12-19,Spain,64930,0.606629781872786
2021-12-20,Spain,62021,0.6022260604956385
2021-12-21,Spain,66230,0.599656525381247
2021-12-22,Spain,69311,0.5978951400210645
2021-12-23,Spain,63955,0.6138928472676101
2021-12-24,Spain,66192,0.656457689479091
2021-12-25,Spain,55461,0.640761953733254
2021-12-26,Spain,55320,0.6124750061641359
2021-12-27,Spain,58453,0.6032192943561494
2021-12-28,Spain,62675,0.6048950154766654
2021-12-29,Spain,61832,0.60211844472118
2021-12-30,Spain,63321,0.606087628969852
2021-12-31,Spain,222191,0.6465543659194117
2020-01-01,Spain,80079,0.6311703360681328
2020-01-02,Spain,71085,0.5952764760216642
2020-01-03,Spain,71646,0.5873126103481005
2020-01-04,Spain,90120,0.5895082725477142
2020-01-05,Spain,92014,0.5941218180602952
2020-01-06,Spain,86805,0.5978449284027417
2020-01-07,Spain,85862,0.5903464157368801
2020-01-08,Spain,82540,0.5888254871456263
2020-01-09,Spain,85891,0.5872852043753128
2020-01-10,Spain,76283,0.5974780827838444
2020-01-11,Spain,75550,0.5983773616677697
2020-01-12,Spain,90393,0.5896213357892758
2020-01-13,Spain,81772,0.5936045635425329
2020-01-14,Spain,83210,0.594310174522293
2020-01-15,Spain,77603,0.594928706274242
2020-01-16,Spain,84155,0.5958405262194759
2020-01-17,Spain,79287,0.6012381275618954
2020-01-18,Spain,81293,0.593782666982397
2020-01-19,Spain,92359,0.5878463908119403
2020-01-20,Spain,87547,0.5884103497207215
2020-01-21,Spain,86124,0.5895980351005526
2020-01-22,Spain,83080,0.5951775579682234
2020-01-23,Spain,86541,0.595992068603321
2020-01-24,Spain,79789,0.6038173316747922
2020-01-25,Spain,83488,0.6017198784016865
2020-01-26,Spain,88446,0.5811803860547679
2020-01-27,Spain,75603,0.5885432729785854
2020-01-28,Spain,82061,0.5921969570807082
2020-01-29,Spain,82353,0.5965347411023278
2020-01-30,Spain,84445,0.5970227177926462
2020-01-31,Spain,75908,0.6046207589977342
2020-02-01,Spain,76304,0.599274878381212
2020-02-02,Spain,82696,0.5934921990059979
2020-02-03,Spain,77511,0.5976049504199403
2020-02-04,Spain,82668,0.5914308858445831
2020-02-05,Spain,75209,0.5995850552194552
2020-02-06,Spain,85569,0.5958351835360937
2020-02-07,Spain,71928,0.6048520186714492
2020-02-08,Spain,74182,0.6034984105308565
2020-02-09,Spain,90228,0.5884068185596489
2020-02-10,Spain,79521,0.5988422177160749
2020-02-11,Spain,82274,0.5993437254904344
2020-02-12,Spain,81428,0.5952150677653878
2020-02-13,Spain,85031,0.6037093532593996
2020-02-14,Spain,77775,0.6166742102989393
2020-02-15,Spain,73569,0.6042149658551835
2020-02-16,Spain,87470,0.5913593165885446
2020-02-17,Spain,78525,0.5943514159567017
2020-02-18,Spain,81212,0.5964940146406934
2020-02-19,Spain,81820,0.596658366108531
2020-02-20,Spain,81561,0.6041988253086646
2020-02-21,Spain,78732,0.6073696438042981
2020-02-22,Spain,76844,0.6028286122403832
2020-02-23,Spain,84493,0.5903699284674471
2020-02-24,Spain,79334,0.5985351787632037
2020-02-25,Spain,81549,0.5982248035536916
2020-02-26,Spain,81814,0.5946555246290366
2020-02-27,Spain,79829,0.5988999844041639
2020-02-28,Spain,76948,0.6074816469303945
2020-02-29,Spain,74305,0.6008405852499831
2020-03-01,Spain,90871,0.5915460183997094
2020-03-02,Spain,81588,0.5925612384664412
2020-03-03,Spain,78378,0.5961578500854832
2020-03-04,Spain,82855,0.5960496916178867
2020-03-05,Spain,84624,0.5983056460460389
2020-03-06,Spain,75276,0.6053149165869599
2020-03-07,Spain,76820,0.6018936692397813
2020-03-08,Spain,91923,0.5982052574763661
2020-03-09,Spain,83670,0.5783971265208557
2020-03-10,Spain,93040,0.5674437080932933
2020-03-11,Spain,89616,0.5640002583244064
2020-03-12,Spain,98093,0.5525404945307004
2020-03-13,Spain,104326,0.5597310383605237
2020-03-14,Spain,133898,0.5691167383829483
2020-03-15,Spain,125855,0.5783714925191689
2020-03-16,Spain,108091,0.567921398034989
2020-03-17,Spain,104834,0.5810010488200393
2020-03-18,Spain,104732,0.5808171688977581
2020-03-19,Spain,103512,0.5825442080435118
2020-03-20,Spain,102872,0.5763394608445447
2020-03-21,Spain,108574,0.5750265327058043
2020-03-22,Spain,104364,0.577152462764938
2020-03-23,Spain,94690,0.5785947889851093
2020-03-24,Spain,94126,0.5807169288719376
2020-03-25,Spain,94059,0.5793082086137424
2020-03-26,Spain,95915,0.5806923679403638
2020-03-27,Spain,94770,0.5847826645246386
2020-03-28,Spain,101233,0.5826369761441428
2020-03-29,Spain,88670,0.5806156930641706
2020-03-30,Spain,93137,0.5779656942997949
2020-03-31,Spain,94725,0.5810643011770916
2020-04-01,Spain,96438,0.5880264751135444
2020-04-02,Spain,98878,0.5828609869940735
2020-04-03,Spain,97818,0.5834602017931261
2020-04-04,Spain,105732,0.5798731672057655
2020-04-05,Spain,97586,0.5867089599225299
2020-04-06,Spain,96181,0.5844512481675175
2020-04-07,Spain,94124,0.5870020487973312
2020-04-08,Spain,95158,0.5850711846718091
2020-04-09,Spain,101248,0.5869891275975821
2020-04-10,Spain,97352,0.585612273481798
2020-04-11,Spain,93213,0.5862146851941252
2020-04-12,Spain,96768,0.587171749886326
2020-04-13,Spain,97827,0.5850733110490969
2020-04-14,Spain,103412,0.5834987678605964
2020-04-15,Spain,98973,0.5798900440827296
2020-04-16,Spain,46906,0.5852717862533577
2020-04-17,Spain,86335,0.5895426080500377
2020-04-18,Spain,101047,0.5865925432719427
2020-04-19,Spain,101543,0.5823165080212324
2020-04-20,Spain,96319,0.588219754742055
2020-04-21,Spain,100761,0.5791535889778784
2020-04-22,Spain,95066,0.5904290640292008
2020-04-23,Spain,99519,0.6056629760648721
2020-04-24,Spain,88648,0.5916791138322354
2020-04-25,Spain,97728,0.5889421822098069
2020-04-26,Spain,108557,0.5633987613143325
2020-04-27,Spain,91662,0.5822127025703127
2020-04-28,Spain,97120,0.5843946369336903
2020-04-29,Spain,87761,0.584765718838664
2020-04-30,Spain,92157,0.5844228555508535
2020-05-01,Spain,96434,0.5881241220523882
2020-05-02,Spain,104424,0.5793073749329656
2020-05-03,Spain,96740,0.588150301467852
2020-05-04,Spain,92896,0.582950178500689
2020-05-05,Spain,91949,0.5831746660431326
2020-05-06,Spain,95404,0.5824913045889061
2020-05-07,Spain,94426,0.5860379519306124
2020-05-08,Spain,98368,0.583491569097674
2020-05-09,Spain,100020,0.5878242157568486
2020-05-10,Spain,88648,0.5896261197545348
2020-05-11,Spain,89491,0.5853749139690025
2020-05-12,Spain,83030,0.5869887401059859
2020-05-13,Spain,83871,0.5828512291495274
2020-05-14,Spain,89240,0.5784266423240699
2020-05-15,Spain,85192,0.5880512058291859
2020-05-16,Spain,88137,0.5887655078230483
2020-05-17,Spain,86066,0.5872604576952571
2020-05-18,Spain,81451,0.5828518607506353
2020-05-19,Spain,83079,0.5866961719568121
2020-05-20,Spain,85477,0.5879122030019771
2020-05-21,Spain,84375,0.5882785782637037
2020-05-22,Spain,81715,0.5904673870525607
2020-05-23,Spain,91983,0.5832505809769196
2020-05-24,Spain,83169,0.5875702560208731
2020-05-25,Spain,81648,0.589893922802763
2020-05-26,Spain,80527,0.5870666371279198
2020-05-27,Spain,83266,0.5868576515984917
2020-05-28,Spain,82157,0.5869025692880704
2020-05-29,Spain,76387,0.5916443401495018
2020-05-30,Spain,73438,0.5931390093956808
2020-05-31,Spain,77618,0.5868481215826226
2020-06-01,Spain,78914,0.5837880082875028
2020-06-02,Spain,80120,0.5753483192710933
2020-06-03,Spain,81467,0.5887802548393828
2020-06-04,Spain,78824,0.5877171902212524
2020-06-05,Spain,74509,0.595937426686709
2020-06-06,Spain,70324,0.5942823260480065
2020-06-07,Spain,76463,0.5844940832559539
2020-06-08,Spain,74257,0.5898680027068155
2020-06-09,Spain,77269,0.5917194381576052
2020-06-10,Spain,76276,0.5929280920735225
2020-06-11,Spain,76534,0.5934196730603393
2020-06-12,Spain,74454,0.5926999832514036
2020-06-13,Spain,72575,0.596787509376507
2020-06-14,Spain,75146,0.5917217748250073
2020-06-15,Spain,76642,0.5932374796195298
2020-06-16,Spain,75376,0.5954793066360645
2020-06-17,Spain,76470,0.5976209369425919
2020-06-18,Spain,79041,0.5937008369074278
2020-06-19,Spain,73734,0.596182680635799
2020-06-20,Spain,72398,0.5914590818392773
2020-06-21,Spain,77404,0.5923235442741978
2020-06-22,Spain,72818,0.5891177804663682
2020-06-23,Spain,81344,0.5899512632031865
2020-06-24,Spain,72943,0.5924887386863716
2020-06-25,Spain,71891,0.5952417486194378
2020-06-26,Spain,73177,0.5996258940787406
2020-06-27,Spain,72835,0.5953593411546646
2020-06-28,Spain,75625,0.6005976409917356
2020-06-29,Spain,72075,0.5972597092056885
2020-06-30,Spain,77167,0.5932220898959399
2020-07-01,Spain,76701,0.5966613869571453
2020-07-02,Spain,73151,0.5942577550682834
2020-07-03,Spain,71245,0.5989660309495404
2020-07-04,Spain,69839,0.6000501443319635
2020-07-05,Spain,77144,0.5915459328139583
2020-07-06,Spain,75556,0.5928305084837736
2020-07-07,Spain,75001,0.5946311802642631
2020-07-08,Spain,77811,0.5938821465859583
2020-07-09,Spain,83015,0.5926583354333554
2020-07-10,Spain,73264,0.5958377445948897
2020-07-11,Spain,69691,0.5961983248195606
2020-07-12,Spain,78677,0.5872924318161598
2020-07-13,Spain,76515,0.5898867032738679
2020-07-14,Spain,74442,0.5958452587786465
2020-07-15,Spain,73676,0.5948285403387806
2020-07-16,Spain,82268,0.5946386042446639
2020-07-17,Spain,77526,0.5949080242886258
2020-07-18,Spain,73887,0.5957234005440741
2020-07-19,Spain,78753,0.588820800147296
2020-07-20,Spain,78733,0.589112067646349
2020-07-21,Spain,76679,0.5952090314949334
2020-07-22,Spain,76452,0.5932845369512896
2020-07-23,Spain,76573,0.5970887779896308
2020-07-24,Spain,74532,0.5973630092041002
2020-07-25,Spain,73303,0.6037251741674965
2020-07-26,Spain,74472,0.5954670176173594
2020-07-27,Spain,73697,0.5901088931978236
2020-07-28,Spain,78867,0.5900535224872254
2020-07-29,Spain,77095,0.5942806156041247
2020-07-30,Spain,74859,0.5930813371805661
2020-07-31,Spain,76142,0.5949582154921068
2020-08-01,Spain,71610,0.5929586229157939
2020-08-02,Spain,70470,0.5934216333191429
2020-08-03,Spain,79122,0.5876403626298627
2020-08-04,Spain,78376,0.5894253955037256
2020-08-05,Spain,75303,0.5928149177589207
2020-08-06,Spain,75823,0.5924737326009258
2020-08-07,Spain,80252,0.5882207378383093
2020-08-08,Spain,74036,0.5881096971338268
2020-08-09,Spain,72970,0.5919018630944224
2020-08-10,Spain,77238,0.5894407476371735
2020-08-11,Spain,79855,0.588647352826999
2020-08-12,Spain,78261,0.588925590562349
2020-08-13,Spain,81817,0.5885960300426561
2020-08-14,Spain,86766,0.5796349342599636
2020-08-15,Spain,75555,0.5895074858579843
2020-08-16,Spain,80827,0.5803972113773862
2020-08-17,Spain,81740,0.5818116032909224
2020-08-18,Spain,83041,0.5830279581170746
2020-08-19,Spain,80996,0.5910598769321942
2020-08-20,Spain,80659,0.5927956780148527
2020-08-21,Spain,83319,0.5919733451553667
2020-08-22,Spain,678352,0.5903013008659221
2020-08-23,Spain,356617,0.5879592480279964
2020-08-24,Spain,78593,0.5853285083404375
2020-08-25,Spain,89580,0.5786811609064523
2020-08-26,Spain,82481,0.5837144218183582
2020-08-27,Spain,81585,0.585291654838512
2020-08-28,Spain,47105,0.5918379428935358
2020-08-29,Spain,78853,0.5889045939533055
2020-08-30,Spain,76485,0.5874698127083742
2020-08-31,Spain,76223,0.5933250640620286
2020-09-01,Spain,49263,0.5966382932829913
2020-09-02,Spain,69804,0.5942818055125781
2020-09-03,Spain,74085,0.5946469429709117
2020-09-04,Spain,76088,0.5932819068184207
2020-09-05,Spain,46689,0.5956122632954229
2020-09-06,Spain,67985,0.5946804927998823
2020-09-07,Spain,72632,0.5941916598193634
2020-09-08,Spain,70616,0.5994270189475474
2020-09-09,Spain,71402,0.5917537216324472
2020-09-10,Spain,39885,0.5878506580167983
2020-09-11,Spain,76450,0.6007721244473513
2020-09-12,Spain,43146,0.6023317234274325
2020-09-13,Spain,45029,0.5948749419485221
2020-09-14,Spain,73702,0.5924778370464845
2020-09-15,Spain,31742,0.5941446079642115
2020-09-16,Spain,68565,0.5859028346678333
2020-09-17,Spain,79512,0.5861991238429419
2020-09-18,Spain,79964,0.5844489043444551
2020-09-19,Spain,78241,0.590554824644368
2020-09-20,Spain,77094,0.5924051075180948
2020-09-21,Spain,77491,0.5848005155437406
2020-09-22,Spain,74327,0.5905521262663634
2020-09-23,Spain,78545,0.5923301497612833
2020-09-24,Spain,77792,0.594826642636775
2020-09-25,Spain,75629,0.5911350578481799
2020-09-26,Spain,79244,0.5938027599439706
2020-09-27,Spain,85732,0.5896208131969394
2020-09-28,Spain,78636,0.5867128849000457
2020-09-29,Spain,77019,0.5905914281930432
2020-09-30,Spain,79245,0.586827053227333
2020-10-01,Spain,71366,0.5907071353725865
2020-10-02,Spain,78084,0.5929222313790278
2020-10-03,Spain,72794,0.593702217888837
2020-10-04,Spain,80928,0.5881682167852906
2020-10-05,Spain,75890,0.5913535409803664
2020-10-06,Spain,72836,0.5933760567027294
2020-10-07,Spain,76685,0.595954880758949
2020-10-08,Spain,76202,0.591352782446655
2020-10-09,Spain,81204,0.5893905045441111
2020-10-10,Spain,72953,0.596141573355448
2020-10-11,Spain,84884,0.5933116584750955
2020-10-12,Spain,79074,0.6053202659407644
2020-10-13,Spain,73806,0.58754740504837
2020-10-14,Spain,77964,0.5812554707172541
2020-10-15,Spain,68724,0.594645126229556
2020-10-16,Spain,64829,0.5984926073207978
2020-10-17,Spain,73525,0.5915592054811288
2020-10-18,Spain,81226,0.58896820835693
2020-10-19,Spain,70257,0.5930950079565025
2020-10-20,Spain,75930,0.5891430461872778
2020-10-21,Spain,87736,0.5820570559063554
2020-10-22,Spain,82274,0.590164696416851
2020-10-23,Spain,75398,0.5946290163797449
2020-10-24,Spain,79734,0.5907152392831163
2020-10-25,Spain,91495,0.5823824098912509
2020-10-26,Spain,72066,0.5872994521688453
2020-10-27,Spain,84053,0.5820072883656741
2020-10-28,Spain,81573,0.5853096387039829
2020-10-29,Spain,79427,0.586555660556234
2020-10-30,Spain,76324,0.5942470286279545
2020-10-31,Spain,80292,0.5962641437503113
2020-11-01,Spain,79866,0.5896008507625273
2020-11-02,Spain,75629,0.5901819610599108
2020-11-03,Spain,76153,0.5874672311924679
2020-11-04,Spain,79468,0.5898296617254744
2020-11-05,Spain,6764,0.5841357408338261
2020-11-06,Spain,76242,0.5935894285170903
2020-11-07,Spain,75263,0.5951794717988919
2020-11-08,Spain,83894,0.5892378749851003
2020-11-09,Spain,75041,0.5923128786796551
2020-11-10,Spain,74095,0.5933502969836021
2020-11-11,Spain,76996,0.5948346318769806
2020-11-12,Spain,76167,0.594406223863353
2020-11-13,Spain,76223,0.5972824915970246
2020-11-14,Spain,76366,0.5954350120341514
2020-11-15,Spain,79280,0.5967319359863774
2020-11-16,Spain,76812,0.5974517689163151
2020-11-17,Spain,80495,0.5915576782036152
2020-11-18,Spain,77930,0.5974008032593352
2020-11-19,Spain,79151,0.6008780862781267
2020-11-20,Spain,72582,0.6053522375933427
2020-11-21,Spain,73138,0.5937904838524434
2020-11-22,Spain,75862,0.5965112247370224
2020-11-23,Spain,73887,0.5950491069064924
2020-11-24,Spain,74262,0.5982393914384208
2020-11-25,Spain,81683,0.5860457339838154
2020-11-26,Spain,73100,0.5915887241586867
2020-11-27,Spain,73349,0.5990765341313445
2020-11-28,Spain,69913,0.5995661904938996
2020-11-29,Spain,77065,0.5959556222150133
2020-11-30,Spain,70240,0.5989493418992028
2020-12-01,Spain,76431,0.5930116013659379
2020-12-02,Spain,77811,0.6038701549266813
2020-12-03,Spain,73950,0.603524516402975
2020-12-04,Spain,70936,0.6028889196176836
2020-12-05,Spain,73030,0.5998961770094482
2020-12-06,Spain,71403,0.6043008709297929
2020-12-07,Spain,66051,0.6024991340025132
2020-12-08,Spain,75251,0.5998922114523395
2020-12-09,Spain,70886,0.597624625201027
2020-12-10,Spain,71531,0.5984616317540647
2020-12-11,Spain,70785,0.6023434404040403
2020-12-12,Spain,70659,0.6011745829972119
2020-12-13,Spain,74534,0.5990929603804975
2020-12-14,Spain,71988,0.5983333360699006
2020-12-15,Spain,72571,0.6015644132504719
2020-12-16,Spain,72849,0.5997331814712624
2020-12-17,Spain,70509,0.6002799357670653
2020-12-18,Spain,68291,0.6040693046521504
2020-12-19,Spain,68354,0.6025143588670743
2020-12-20,Spain,73069,0.5944985833390357
2020-12-21,Spain,68369,0.6008518446079364
2020-12-22,Spain,70209,0.6075084109444658
2020-12-23,Spain,66990,0.6127367329302882
2020-12-24,Spain,71063,0.6494586607235833
2020-12-25,Spain,63199,0.6346534124274118
2020-12-26,Spain,59473,0.6050454009046121
2020-12-27,Spain,68185,0.5985453868446139
2020-12-28,Spain,66160,0.6024836815900847
2020-12-29,Spain,72381,0.6002292374380016
2020-12-30,Spain,73900,0.6001086874560216
2020-12-31,Spain,78514,0.6444110230277403
2022-01-01,Spain,65002,0.6529983315128766
2022-01-02,Spain,59568,0.6054627448965888
2022-01-03,Spain,62482,0.6017967270253833
2022-01-04,Spain,62658,0.6024985136135849
2022-01-05,Spain,65963,0.6059385950760274
2022-01-06,Spain,60598,0.6121474070926434
2022-01-07,Spain,48851,0.600819894454566
2022-01-08,Spain,50470,0.5997813506637607
2022-01-09,Spain,52215,0.5989363493057551
2022-01-10,Spain,49217,0.603810615966028
2022-01-11,Spain,46344,0.6030525997324357
2022-01-12,Spain,52302,0.5973367507743489
2022-01-13,Spain,51029,0.6009464128828705
2022-01-14,Spain,50526,0.6062239077702569
2022-01-15,Spain,53803,0.5990911897477835
2022-01-16,Spain,58409,0.599500611892003
2022-01-17,Spain,50850,0.6059565270403147
2022-01-18,Spain,52032,0.605716231030904
2022-01-19,Spain,54791,0.6049886720629299
2022-01-20,Spain,54017,0.602924363015347
2022-01-21,Spain,53502,0.6114221991327428
2022-01-22,Spain,52945,0.6063633337236756
2022-01-23,Spain,56812,0.6062036594381469
2022-01-24,Spain,51719,0.6060767009222916
2022-01-25,Spain,52296,0.6121361384618326
2022-01-26,Spain,55573,0.6141027606391594
2022-01-27,Spain,56212,0.6135372911477976
2022-01-28,Spain,53455,0.6133556027873913
2022-01-29,Spain,58056,0.6184281385558771
2022-01-30,Spain,64300,0.6111280219751166
2022-01-31,Spain,54549,0.6067668089974152
2022-02-01,Spain,54199,0.6088297572095426
2022-02-02,Spain,55494,0.6115382290337694
2022-02-03,Spain,60899,0.6034188913939473
2022-02-04,Spain,56887,0.6096707377784029
2022-02-05,Spain,54485,0.6084981870790126
2022-02-06,Spain,59534,0.6032438989485001
2022-02-07,Spain,53026,0.6076486842115189
2022-02-08,Spain,53897,0.6069083583872943
2022-02-09,Spain,57509,0.6083439270548957
2022-02-10,Spain,58522,0.6072468187006597
2022-02-11,Spain,55747,0.6126559520871078
2022-02-12,Spain,56993,0.606899165546646
2022-02-13,Spain,62576,0.6037664288065713
2022-02-14,Spain,58956,0.6125247464380215
2022-02-15,Spain,58453,0.5986092844336475
2022-02-16,Spain,58887,0.6027588886171821
2022-02-17,Spain,65034,0.6028795590767906
2022-02-18,Spain,59976,0.6092206925103375
2022-02-19,Spain,58956,0.6072822217585996
2022-02-20,Spain,63249,0.6045311243023606
2022-02-21,Spain,57689,0.6081561185494635
2022-02-22,Spain,63675,0.6039971248527679
2022-02-23,Spain,59169,0.6063407940644594
2022-02-24,Spain,64980,0.5847626454139735
2022-02-25,Spain,58725,0.593712163065134
2022-02-27,Spain,18914,0.5966316019350746
2022-02-28,Spain,58529,0.6066236304566966
2022-03-02,Spain,45773,0.6010040579380856
2022-03-03,Spain,62023,0.603399810441288
2022-03-04,Spain,59060,0.6057251700304774
2022-03-05,Spain,59465,0.6094975283780375
2022-03-06,Spain,62681,0.5988022793509996
2022-03-07,Spain,59855,0.6025402782056637
2022-03-08,Spain,64800,0.6107598621450617
2022-03-09,Spain,69383,0.598404961229696
2022-03-10,Spain,63752,0.6019625154661815
2022-03-11,Spain,60441,0.604791045978723
2022-03-12,Spain,60131,0.6085581782774276
2022-03-13,Spain,63637,0.6048813469679589
2022-03-14,Spain,64266,0.5984123903619332
2022-03-15,Spain,66142,0.5993134810407911
2022-03-16,Spain,64065,0.6033059187387809
2022-03-17,Spain,67060,0.6044325604085893
2022-03-18,Spain,62608,0.610150679306159
2022-03-19,Spain,61510,0.6139681167940173
2022-03-20,Spain,73119,0.595425215306555
2022-03-21,Spain,63293,0.6004891311835432
2022-03-22,Spain,62464,0.5990992064869365
2022-03-23,Spain,64175,0.6024078503467082
2022-03-24,Spain,64648,0.6017196826661305
2022-03-25,Spain,62879,0.6061888728828385
2022-03-26,Spain,57321,0.6099786031995255
2022-03-27,Spain,57667,0.6037421325194653
2022-03-28,Spain,57628,0.6065031855001041
2022-03-29,Spain,56447,0.607729508370684
2022-03-30,Spain,60523,0.6096805536738099
2022-03-31,Spain,58390,0.6113900347662271
2022-04-01,Spain,59683,0.6174092011125446
2022-04-04,Spain,48155,0.6055986180666597
2022-04-05,Spain,59109,0.606457866044088
2022-04-06,Spain,61420,0.606366034695539
2022-04-07,Spain,58066,0.6119886769193676
2022-04-08,Spain,57507,0.6177122083224651
2022-04-09,Spain,55422,0.6156413056006639
2022-04-10,Spain,58239,0.6130434614948745
2022-04-11,Spain,56025,0.6070792227576974
2022-04-12,Spain,63169,0.5968423851889375
2022-04-13,Spain,59886,0.6023859418227967
2022-04-14,Spain,60786,0.6072148005790807
2022-04-15,Spain,54692,0.6120018735281211
2022-04-16,Spain,55883,0.6095204200561889
2022-04-17,Spain,65216,0.5981352666676889
2022-04-18,Spain,61767,0.6002233402787897
2022-04-19,Spain,62534,0.6058400985543865
2022-04-20,Spain,67646,0.6041121868698814
2022-04-21,Spain,63120,0.608657567427123
2022-04-22,Spain,62451,0.616413840899265
2022-04-23,Spain,66716,0.6257561192667426
2022-04-24,Spain,66560,0.6088306364332933
2022-04-25,Spain,61089,0.6148886372178297
2022-04-26,Spain,67338,0.6054702401021711
2022-04-27,Spain,62666,0.6097364380525325
2022-04-28,Spain,63519,0.6104523769423322
2022-04-29,Spain,59867,0.617674940217482
2022-04-30,Spain,59972,0.6151816781664776
2022-05-01,Spain,62513,0.620507616831699
2022-05-02,Spain,60761,0.610966465644081
2022-05-03,Spain,64479,0.6019896382077886
2022-05-04,Spain,72646,0.6032840298295845
2022-05-05,Spain,65184,0.6110228131443299
2022-05-06,Spain,63286,0.614016395111083
2022-05-07,Spain,63733,0.6173984036841197
2022-05-08,Spain,64496,0.6087775665932771
2022-05-09,Spain,61750,0.6135296503805668
2022-05-10,Spain,68716,0.6109449058297922
2022-05-11,Spain,64557,0.608316120792478
2022-05-12,Spain,71186,0.6129057968139803
2022-05-13,Spain,62952,0.6158387620409201
2022-05-14,Spain,81141,0.6283492716505835
2022-05-15,Spain,67221,0.6108327375373768
2022-05-16,Spain,65288,0.6131220835988237
2022-05-17,Spain,66952,0.6106854739216155
2022-05-18,Spain,69335,0.609247459666835
2022-05-19,Spain,69666,0.6092787098297592
2022-05-20,Spain,68782,0.6120097799715042
2022-05-21,Spain,73455,0.6045359646041795
2022-05-22,Spain,71943,0.6004161082106668
2022-05-23,Spain,67644,0.6096954368310566
2022-05-24,Spain,65377,0.6077332845190204
2022-05-25,Spain,64348,0.6109507838627464
2022-05-26,Spain,65493,0.6096986518711923
2022-05-27,Spain,62999,0.614596162447023
2022-05-28,Spain,74146,0.6089199336444312
2022-05-29,Spain,71680,0.6061808883231027
2022-05-30,Spain,67610,0.6099145015234432
2022-05-31,Spain,70582,0.6132419338783259
2022-06-01,Spain,70800,0.6159019228531073
2022-06-02,Spain,67319,0.6133785265823912
2022-06-03,Spain,64729,0.610486887469295
2022-06-04,Spain,59713,0.6165316311690923
2022-06-05,Spain,65385,0.6099920412785806
2022-06-06,Spain,63603,0.605014138311086
2022-06-07,Spain,63290,0.6075735473692527
2022-06-08,Spain,65520,0.6049431564560439
2022-06-09,Spain,65533,0.6106162382463797
2022-06-10,Spain,65515,0.612541612546745
2022-06-11,Spain,62504,0.6132678384263407
2022-06-12,Spain,63576,0.6072522935699006
2022-06-13,Spain,66745,0.6049993149449397
2022-06-14,Spain,67283,0.607283622059064
2022-06-15,Spain,67397,0.6104074236390344
2022-06-16,Spain,66632,0.6086761431594429
2022-06-17,Spain,66146,0.6107201230762254
2022-06-18,Spain,61612,0.6082602675939752
2022-06-19,Spain,74311,0.6043062054742905
2022-06-20,Spain,66869,0.6057848588733195
2022-06-21,Spain,66410,0.6061665598855595
2022-06-22,Spain,65800,0.6076819739057752
2022-06-23,Spain,63151,0.6138666203860588
2022-06-24,Spain,60424,0.6136493602707533
2022-06-25,Spain,61766,0.6061347649677816
2022-06-26,Spain,57368,0.6094111969739227
2022-06-27,Spain,58723,0.6074265684484784
2022-06-28,Spain,63255,0.6155963438621452
2022-06-29,Spain,62970,0.6109974765443863
2022-06-30,Spain,62431,0.6109899988627444
2022-07-01,Spain,60706,0.6149999655388265
2022-07-02,Spain,55767,0.6165731835852745
2022-07-03,Spain,60570,0.6076198913158329
2022-07-04,Spain,61308,0.607198241926013
2022-07-05,Spain,63021,0.6040035572745592
2022-07-06,Spain,64929,0.6068022312371976
2022-07-07,Spain,64441,0.6085042294346767
2022-07-08,Spain,61604,0.6150269324556846
2022-07-09,Spain,58110,0.61287114322836
2022-07-10,Spain,62349,0.601574347190813
2022-07-11,Spain,61786,0.6011580018288933
2022-07-12,Spain,64104,0.6054997268501187
2022-07-13,Spain,63418,0.6056806775521145
2022-07-14,Spain,57901,0.604332854475743
2022-07-15,Spain,52000,0.6061896511346153
2022-07-16,Spain,53148,0.6087717954015203
2022-07-17,Spain,55238,0.6050929503964662
2022-07-18,Spain,63486,0.6009371092209306
2022-07-19,Spain,61938,0.5995717302625206
2022-07-20,Spain,65619,0.6024399693838676
2022-07-21,Spain,62060,0.6068309750080567
2022-07-22,Spain,61625,0.6070132614523327
2022-07-23,Spain,56841,0.6095628946359143
2022-07-24,Spain,59493,0.6057226961155094
2022-07-25,Spain,61399,0.6066003528396228
2022-07-26,Spain,62595,0.605375888713156
2022-07-27,Spain,65319,0.6012937909949632
2022-07-28,Spain,68023,0.6010954474221955
2022-07-29,Spain,66282,0.6041889804622673
2022-07-30,Spain,61595,0.6031893052033444
2022-07-31,Spain,37158,0.6040986328112385
2022-08-01,Spain,34912,0.5981157569030706
2022-08-02,Spain,49375,0.5951021041620254
2022-08-03,Spain,40517,0.5979150335661574
2022-08-04,Spain,1167,0.5885157814910026
2022-08-05,Spain,2673,0.6031843748597082
2022-08-06,Spain,11625,0.6077255101935484
2022-08-07,Spain,14409,0.611041320841141
2022-08-08,Spain,31520,0.6210110085342639
2022-08-09,Spain,43380,0.5978346309589673
2022-08-10,Spain,169464,0.5900941890608035
2022-08-11,Spain,249537,0.6128326805563904
2022-08-12,Spain,358544,0.601604283103329
2022-08-13,Spain,410984,0.5967472763903218
2022-08-14,Spain,439593,0.5846357605853596
2022-08-15,Spain,393356,0.603383634478691
2022-08-16,Spain,335355,0.6010867935859014
2022-08-17,Spain,467901,0.59886192961759
2022-08-18,Spain,315134,0.6055294455374539
2022-08-19,Spain,364796,0.5975666981984451
2022-08-20,Spain,322050,0.6101864411178388
2022-08-21,Spain,296406,0.6038420048716963
2022-08-22,Spain,261015,0.6000511844759879
2022-08-23,Spain,370611,0.6044455115849233
2022-08-24,Spain,267873,0.6029486123237504
2022-08-25,Spain,323857,0.6026442434222511
2022-08-26,Spain,277783,0.6098869749228714
2022-08-27,Spain,345693,0.6031018774317097
2022-08-28,Spain,337741,0.6004475590585685
2022-08-29,Spain,480226,0.5987741428598201
2022-08-30,Spain,430359,0.5979086230402989
2022-08-31,Spain,615821,0.5956456788855853
2022-09-01,Spain,709466,0.5975097661424226
2022-09-02,Spain,552611,0.6048725829398981
2022-09-03,Spain,507289,0.6083140569754124
2022-09-04,Spain,511150,0.6004118963787539
2022-09-05,Spain,371081,0.6041490554946225
2022-09-06,Spain,264489,0.5960766569762826
2022-09-07,Spain,358716,0.5968224833433692
2022-09-08,Spain,277179,0.6050018959012047
2022-09-09,Spain,168922,0.6061583744035709
2022-09-10,Spain,135119,0.6082307478962988
2022-09-11,Spain,101588,0.6025252056935858
2022-09-12,Spain,133227,0.6059103592965389
2022-09-13,Spain,191897,0.5735705061986378
2022-09-14,Spain,261562,0.5977579150067671
2022-09-15,Spain,509664,0.6070653891563854
2022-09-16,Spain,123185,0.6024602086374152
2022-09-17,Spain,145475,0.6099720689603024
2022-09-18,Spain,173326,0.6002717045625008
2022-09-19,Spain,143452,0.6027782435936759
2022-09-20,Spain,129101,0.6054836380120991
2022-09-21,Spain,116188,0.6009437456708093
2022-09-22,Spain,85710,0.5969260999533309
2022-09-23,Spain,81071,0.6041573185479394
2022-09-24,Spain,136531,0.6073857346243711
2022-09-25,Spain,73717,0.6016993763039733
2022-09-26,Spain,147402,0.6054143474240513
2022-09-27,Spain,88639,0.6136034199957129
2022-09-28,Spain,105305,0.6119274193438108
2022-09-29,Spain,136227,0.6101661173042056
2022-09-30,Spain,138184,0.6100112637787298
2022-10-01,Spain,131264,0.6101816251066553
2022-10-02,Spain,156882,0.6767561035491644
2022-10-03,Spain,93873,0.5999686899854059
2022-10-04,Spain,85710,0.6020401199043286
2022-10-05,Spain,75148,0.6031004518949273
2022-10-06,Spain,135410,0.6092138398345764
2022-10-07,Spain,71303,0.6112932083222304
2022-10-08,Spain,96536,0.6119010830674567
2022-10-09,Spain,97801,0.5999184899745402
2022-10-10,Spain,167231,0.6005740781015482
2022-10-11,Spain,202490,0.6015714806163267
2022-10-12,Spain,111362,0.6091105396903792
2022-10-13,Spain,102756,0.603248450455448
2022-10-14,Spain,96567,0.6015886740190749
2022-10-15,Spain,97092,0.6026862880875871
2022-10-16,Spain,115081,0.5959891543000148
2022-10-17,Spain,109308,0.6041206987503202
2022-10-18,Spain,156069,0.6010935993951393
2022-10-19,Spain,78795,0.5997831859635764
2022-10-20,Spain,102834,0.6079407399109243
2022-10-21,Spain,80549,0.6117256756260164
2022-10-22,Spain,121469,0.6146140394009993
2022-10-23,Spain,163114,0.5986682322424808
2022-10-24,Spain,162452,0.6065225692266023
2022-10-25,Spain,142736,0.6009309357835445
2022-10-26,Spain,122711,0.605653989593435
2022-10-27,Spain,99357,0.6079286249987419
2022-10-28,Spain,108496,0.6077303334039965
2022-10-29,Spain,72147,0.6068715400224541
2022-10-30,Spain,88831,0.5965290906327746
2022-10-31,Spain,70286,0.6052464778618787
2022-11-01,Spain,135521,0.6020545938120291
2022-11-02,Spain,179881,0.5952973777775307
2022-11-03,Spain,96395,0.6017780258312153
2022-11-04,Spain,96644,0.6113604429866314
2022-11-05,Spain,93316,0.6050698947447383
2022-11-06,Spain,179248,0.5974669275863608
2022-11-07,Spain,155734,0.6004507473063043
2022-11-08,Spain,83919,0.6024793178779537
2022-11-09,Spain,79021,0.617205494362258
2022-11-10,Spain,79281,0.6082433192946607
2022-11-11,Spain,140105,0.6048093407515792
2022-11-12,Spain,132013,0.6054784597956262
2022-11-13,Spain,130440,0.5985713282505366
2022-11-14,Spain,177987,0.6019449837628591
2022-11-15,Spain,118287,0.6071710852925511
2022-11-16,Spain,112888,0.6054891219350153
2022-11-17,Spain,107957,0.6108579111961243
2022-11-18,Spain,114456,0.6121878439400293
2022-11-19,Spain,98628,0.5863686433365778
2022-11-20,Spain,121622,0.5999397562118696
2022-11-21,Spain,101209,0.6010288245412958
2022-11-22,Spain,4054,0.6117036827824371
2022-11-23,Spain,93576,0.6028667606116953
2022-11-24,Spain,91970,0.6082727651734261
2022-11-25,Spain,83379,0.6126545501745043
2022-11-26,Spain,187235,0.6139240825593505
2022-11-27,Spain,182015,0.6013739609592617
2022-11-28,Spain,139855,0.6078148508955704
2022-11-29,Spain,151224,0.6101028599164153
2022-11-30,Spain,187278,0.6093873781757602
2022-12-01,Spain,131331,0.6087893398055295
2022-12-02,Spain,79020,0.6147735589724121
2022-12-03,Spain,75669,0.6144889944495104
2022-12-04,Spain,86330,0.6078009433105526
2022-12-05,Spain,190520,0.6031781627755616
2022-12-06,Spain,239631,0.5805670322412375
2022-12-07,Spain,179381,0.6019970505014466
2022-12-08,Spain,156772,0.603789278321384
2022-12-09,Spain,141441,0.5960193380561506
2022-12-10,Spain,180629,0.5976279508993573
2022-12-11,Spain,86312,0.5876902406733711
2022-12-12,Spain,107002,0.6006764695893535
2022-12-13,Spain,146383,0.6023411493001236
2022-12-14,Spain,79872,0.6033221650265426
2022-12-15,Spain,207219,0.6080634526370652
2022-12-16,Spain,92484,0.6096344897495783
2022-12-17,Spain,93881,0.6080489927141807
2022-12-18,Spain,132319,0.5975427002924749
2022-12-19,Spain,159523,0.6043688388194807
2022-12-20,Spain,123873,0.6045383661088373
2022-12-21,Spain,101542,0.6082065950641113
2022-12-22,Spain,72031,0.612965042384529
2022-12-23,Spain,60256,0.6158322505642592
2022-12-24,Spain,73574,0.6431509703563759
2022-12-25,Spain,47798,0.6392215371145237
2022-12-26,Spain,76824,0.6116751363506197
2022-12-27,Spain,97131,0.6027319843819172
2022-12-28,Spain,102982,0.6034582737759996
2022-12-29,Spain,104918,0.5992209491221716
2022-12-30,Spain,89763,0.5952146218486458
2022-12-31,Spain,145513,0.6337117003360524
